,RowNumber,CustomerId,Surname,CreditScore,Geography,Gender,Age,Tenure,Balance,NumOfProducts,HasCrCard,IsActiveMember,EstimatedSalary,Exited
3457,3458,15713370,Hunter,657,Spain,Male,36,8,188241.05,2,0,0,183058.51,1
2013,2014,15742238,Dellucci,705,Germany,Male,35,4,136496.12,2,1,0,116672.02,0
7312,7313,15688264,Nkemdilim,629,France,Female,43,0,0.0,2,1,1,41263.69,0
9087,9088,15791316,Boni,714,France,Male,35,3,0.0,2,1,1,95623.28,0
1897,1898,15735428,Talbot,673,Spain,Female,37,0,0.0,2,0,0,82351.06,0
3189,3190,15596522,Meredith,692,France,Female,42,2,0.0,2,1,0,145222.93,0
2124,2125,15603851,Galkin,704,France,Male,32,7,127785.17,4,0,0,184464.7,1
8518,8519,15677288,Geach,599,France,Male,50,3,121159.65,1,0,0,4033.39,1
494,495,15585865,Westerberg,673,France,Female,38,2,170061.92,2,0,0,134901.34,1
9941,9942,15676869,T'ien,657,Spain,Male,36,8,0.0,2,0,1,123866.43,0
3567,3568,15631709,Ginikanwa,470,Spain,Female,31,2,101675.22,2,1,0,45033.75,0
3906,3907,15674343,Esposito,597,France,Male,44,8,78128.13,2,0,1,109153.04,0
1668,1669,15755722,H?,554,France,Male,24,10,0.0,1,0,0,92180.62,0
8993,8994,15809265,Kao,547,France,Female,35,4,0.0,1,1,1,133287.73,0
6816,6817,15662243,Taylor,559,France,Male,50,5,162702.35,1,0,0,150548.5,1
1444,1445,15703019,Okeke,583,France,Female,38,10,0.0,2,0,1,113597.64,0
6225,6226,15742172,Williamson,598,Germany,Male,32,9,123938.6,2,1,0,198894.42,0
1646,1647,15651533,Brown,570,Germany,Female,50,5,129293.74,1,1,0,177805.44,1
4734,4735,15591740,Fletcher,590,France,Female,54,4,0.0,2,1,1,93820.49,1
1904,1905,15677382,Miller,625,Spain,Female,69,1,107569.96,1,1,1,182336.45,0
1894,1895,15783398,Rizzo,535,Spain,Female,49,7,115309.75,1,1,0,111421.77,0
9533,9534,15733361,Davide,651,Germany,Female,45,6,86714.06,1,1,0,85869.89,1
2607,2608,15814209,Capon,814,France,Male,31,1,118870.92,1,1,0,101704.19,0
1462,1463,15566211,Hsu,616,Germany,Female,41,1,103560.57,1,1,0,236.45,1
1383,1384,15696637,Sung,571,France,Female,23,10,151097.28,1,0,1,17163.75,0
7886,7887,15744979,Fowler,666,France,Female,36,8,0.0,1,0,1,158666.99,0
84,85,15738751,Beit,493,France,Female,46,4,0.0,2,1,0,1907.66,0
1024,1025,15729279,Naylor,718,France,Female,25,4,108691.95,1,1,0,63030.97,0
4785,4786,15702138,Swift,510,France,Female,22,3,156834.34,1,0,0,44374.44,0
5401,5402,15598161,Clements,654,France,Male,47,10,0.0,2,1,0,170481.98,0
6473,6474,15595557,Li,798,France,Male,22,8,0.0,2,1,0,107615.43,0
7146,7147,15646594,Ali,749,France,Male,41,5,57568.94,1,1,1,61128.29,0
7174,7175,15785339,H?,640,France,Female,50,9,117565.03,2,0,0,82559.77,0
2484,2485,15587735,Chukwuebuka,850,France,Male,39,6,96863.13,1,1,1,121681.19,0
3959,3960,15663164,Yudin,663,Germany,Male,49,7,116150.65,3,1,1,84358.71,1
2054,2055,15730868,Marshall,747,France,Male,41,5,0.0,2,1,1,22750.17,0
9940,9941,15791972,Bergamaschi,748,France,Female,20,7,0.0,2,0,0,10792.42,0
7667,7668,15606554,Douglas,797,France,Male,29,1,0.0,1,0,1,149991.32,0
3190,3191,15625395,Chinomso,585,France,Female,28,6,105795.9,1,1,1,41219.09,0
5224,5225,15718216,Fleetwood-Smith,803,Spain,Male,43,3,0.0,1,1,0,72051.44,0
3154,3155,15609637,Nkemakolam,652,France,Male,51,7,0.0,2,0,1,43496.36,0
215,216,15723488,Watson,668,Germany,Male,47,7,106854.21,1,0,1,157959.02,1
4905,4906,15627999,Kung,590,Spain,Male,30,3,0.0,2,1,0,83090.35,0
3385,3386,15765982,Chin,735,France,Male,41,7,74135.85,1,1,1,11783.1,1
8377,8378,15567147,Ratten,802,Spain,Male,40,4,0.0,2,1,1,81908.09,0
6903,6904,15566891,Kinder,584,Germany,Female,41,3,88594.93,1,1,0,178997.89,0
6156,6157,15637235,Knight,794,Spain,Male,33,8,0.0,2,0,0,91340.02,0
620,621,15682585,Guerra,593,France,Male,35,9,114193.24,1,1,0,71154.1,0
4119,4120,15588197,Endrizzi,670,France,Male,36,7,0.0,2,0,0,59571.5,0
9555,9556,15655360,Chikelu,782,Germany,Female,72,5,148666.99,1,1,0,2605.65,1
7074,7075,15752139,Salter,682,Germany,Male,36,5,72373.62,2,1,0,36895.99,0
8770,8771,15656901,Nnonso,615,France,Male,59,8,0.0,2,1,1,165576.55,0
5693,5694,15752694,Taylor,653,France,Female,32,4,83772.95,1,0,1,23920.65,0
1970,1971,15762268,Hancock,666,France,Female,41,10,141162.08,1,1,0,50908.48,0
6161,6162,15666430,Peck,579,France,Male,38,8,0.0,2,0,0,91763.67,0
9734,9735,15583221,Arnold,667,Germany,Male,70,3,77356.92,2,1,1,20881.96,0
8932,8933,15700394,Palermo,713,Spain,Female,26,4,122857.46,2,1,0,144682.17,1
2091,2092,15672945,Parkes,661,France,Female,37,5,136425.18,1,1,0,81102.81,0
2504,2505,15625942,McDonald,619,Spain,Female,45,0,0.0,2,0,0,113645.4,0
8219,8220,15607560,Groom,572,France,Female,39,2,0.0,2,1,1,555.28,0
4008,4009,15612505,Joseph,835,Spain,Male,45,3,100212.13,1,1,0,152577.62,0
9309,9310,15621644,Lombardi,678,Germany,Male,83,6,123356.63,1,0,1,92934.41,0
903,904,15786014,Ku,568,France,Male,28,5,145105.64,2,1,0,185489.11,0
9619,9620,15779973,Gibbons,684,Germany,Male,35,3,99967.76,1,1,1,176882.08,0
7993,7994,15754494,Ah Mouy,585,France,Female,33,4,152805.05,1,1,0,63239.65,0
6919,6920,15599084,Hopwood,782,France,Male,33,7,191523.09,1,1,1,167058.75,0
8644,8645,15605673,Liang,716,Spain,Female,29,8,0.0,2,0,0,78616.92,0
1577,1578,15576714,Manna,687,Spain,Female,21,8,0.0,2,1,1,154767.34,0
7489,7490,15789014,Scott,600,France,Female,26,6,108909.12,1,1,0,82547.01,0
9501,9502,15634146,Hou,835,Germany,Male,18,2,142872.36,1,1,1,117632.63,0
6887,6888,15662641,Amadi,850,France,Male,19,8,0.0,1,1,1,68569.89,0
2040,2041,15626684,Huang,547,France,Female,38,5,167539.97,1,0,1,159207.34,0
1853,1854,15633574,Montes,730,France,Female,41,4,167545.32,1,1,0,128246.81,0
7875,7876,15775104,Gomes,697,France,Female,38,1,182065.85,1,1,0,49503.5,0
8758,8759,15732621,Martin,663,France,Male,34,10,0.0,1,1,1,114083.73,0
9634,9635,15580805,Marino,655,France,Male,27,10,0.0,2,1,0,51620.94,0
9849,9850,15776211,Toscani,678,France,Female,34,6,0.0,2,1,1,124592.84,0
1243,1244,15593331,Sidorov,693,Germany,Male,25,6,146580.69,1,0,1,14633.35,0
6776,6777,15800583,Chukwuemeka,621,Spain,Female,43,8,0.0,1,0,0,102806.6,0
7286,7287,15751167,Toscano,680,France,Female,43,4,0.0,2,1,1,58761.33,0
1232,1233,15607537,Crawford,587,Germany,Male,46,9,107850.82,1,1,0,139431.0,1
9824,9825,15658980,Matthews,711,Germany,Male,26,9,128793.63,1,1,0,19262.05,0
4951,4952,15649793,Lovely,658,France,Male,20,7,0.0,2,0,0,187638.34,0
4599,4600,15624451,Huddart,641,France,Female,38,3,0.0,2,1,0,116466.19,0
6719,6720,15776629,Christie,650,France,Female,39,4,0.0,2,0,0,186275.7,0
2591,2592,15790846,Ts'ai,634,Germany,Male,38,2,148430.55,1,1,1,56055.72,0
9692,9693,15693690,Iweobiegbunam,574,Spain,Male,52,7,115532.52,1,1,0,196257.67,0
6632,6633,15779915,O'Loghlin,694,Spain,Male,31,5,0.0,1,1,0,35593.18,0
5358,5359,15796958,Tang,658,France,Male,39,7,0.0,2,1,0,48378.4,0
3529,3530,15710853,Ts'ui,623,France,Female,24,5,0.0,2,1,0,116160.04,0
3142,3143,15586996,Azikiwe,697,France,Female,76,7,0.0,2,0,1,188772.45,0
8861,8862,15761713,Johnstone,678,France,Female,43,7,178074.33,1,0,0,110405.9,0
9084,9085,15593499,Stevens,686,Spain,Female,47,6,0.0,1,1,0,32080.69,1
8501,8502,15797197,Macleod,678,Spain,Male,29,6,0.0,2,1,0,64443.75,0
8557,8558,15752622,Kerr,729,France,Female,32,7,38550.06,1,0,1,179230.23,0
6476,6477,15701412,T'ien,739,France,Male,40,4,0.0,2,0,0,173321.65,0
7251,7252,15746995,Greco,724,Germany,Male,31,9,138166.3,1,1,0,12920.43,0
5103,5104,15808526,Cartwright,783,Germany,Female,58,3,127539.3,1,1,1,96590.39,1
1418,1419,15649280,Lucchese,521,Germany,Female,40,9,134504.78,1,1,0,18082.06,0
1593,1594,15741728,Atkins,591,Spain,Male,36,7,135216.8,1,1,1,122022.89,0
1524,1525,15653595,Ts'ai,796,France,Male,51,6,0.0,2,0,1,194733.28,0
9945,9946,15674000,Cattaneo,645,France,Male,44,10,0.0,2,0,1,166707.22,0
2518,2519,15759436,Aksenov,758,France,Female,50,2,95813.76,3,1,1,67944.09,1
8572,8573,15611223,Ko,752,Germany,Female,38,10,101648.5,2,1,0,172001.44,0
925,926,15636731,Ts'ai,714,Germany,Female,36,1,101609.01,2,1,1,447.73,0
481,482,15744398,Burns,525,France,Female,23,5,0.0,2,1,0,160249.1,0
1229,1230,15607598,Muravyov,575,Spain,Female,31,6,0.0,2,1,1,95686.42,0
2569,2570,15700657,Thornton,641,Germany,Female,40,2,110086.69,1,1,0,159773.14,0
9664,9665,15595036,Doherty,726,Germany,Male,30,7,92847.59,1,1,0,146154.06,0
6696,6697,15587299,Board,567,France,Female,48,3,0.0,1,1,0,55362.45,0
1373,1374,15771942,Tikhonov,528,Germany,Female,46,9,135555.66,1,1,0,133146.03,1
8170,8171,15641366,Y?an,599,Germany,Male,61,1,124737.96,1,0,1,90389.61,1
6250,6251,15570895,Ch'in,608,France,Male,42,10,163548.07,1,1,0,38866.85,0
1993,1994,15787189,Tai,824,Germany,Male,60,8,134250.17,3,0,0,153046.16,1
5700,5701,15812888,Perreault,447,France,Male,41,3,0.0,4,1,1,197490.39,1
1819,1820,15712319,Chukwukere,714,Spain,Male,45,8,150900.29,2,0,1,139889.15,0
3103,3104,15766609,Jowers,655,France,Female,47,10,0.0,2,1,0,167778.62,0
2655,2656,15643658,Barber,850,Germany,Male,53,2,94078.97,2,1,0,36980.54,0
6682,6683,15680683,Simmons,640,Spain,Male,29,5,197200.04,2,1,0,141453.62,0
4517,4518,15787051,Georg,750,Spain,Female,39,7,119565.92,1,1,0,87067.73,0
4826,4827,15713346,Panina,794,France,Male,24,10,146126.75,1,1,1,88992.05,0
6967,6968,15644934,Gentry,466,France,Male,26,9,105522.06,1,1,0,10842.46,0
8788,8789,15603247,Bruner,743,Germany,Female,35,1,146781.24,1,1,0,189307.7,0
6860,6861,15785654,Ofodile,727,Germany,Male,45,6,114422.85,2,1,1,104678.78,1
9623,9624,15796790,Amaechi,573,France,Female,47,8,154543.98,1,1,0,29586.73,0
9301,9302,15583857,Siciliano,623,Spain,Female,43,4,123536.52,2,0,0,154908.52,0
7152,7153,15737998,Cheng,529,France,Male,46,8,0.0,1,0,0,126511.94,1
9831,9832,15593283,Higgins,705,Germany,Female,48,1,156848.13,2,1,1,99475.95,1
1487,1488,15716491,Akabueze,710,Spain,Female,51,4,93656.95,1,0,1,141400.51,1
6349,6350,15699507,Messersmith,542,France,Female,25,7,0.0,2,0,1,82393.08,0
6085,6086,15596992,Norris,482,Germany,Male,45,7,156353.46,1,1,0,72643.95,1
3138,3139,15701537,Ignatiev,756,France,Male,60,2,0.0,1,1,1,166513.49,1
2519,2520,15690231,K'ung,612,Spain,Female,62,0,167026.61,2,1,1,192892.05,0
2103,2104,15630241,Tretyakova,594,France,Male,61,3,62391.22,1,1,1,192434.11,0
2369,2370,15708212,Lin,648,Spain,Female,54,7,118241.02,1,1,0,172586.89,1
2768,2769,15713379,Anderson,669,France,Male,26,4,0.0,2,1,1,197594.34,0
4160,4161,15722350,Udinesi,627,Germany,Female,37,7,147361.57,1,1,1,133031.96,0
5881,5882,15567991,Obiuto,794,Spain,Male,31,0,144880.34,2,0,1,175643.44,0
9967,9968,15603794,Pugliesi,623,France,Male,48,5,118469.38,1,1,1,158590.25,0
7476,7477,15737909,Bates,759,France,Male,44,2,111095.58,2,1,0,100137.7,0
3819,3820,15718289,Bradley,553,Germany,Male,46,3,82291.1,1,1,0,112549.99,1
6324,6325,15746012,Chibugo,729,Spain,Female,28,0,0.0,2,1,1,31165.06,1
6595,6596,15734948,Igwebuike,601,Spain,Male,24,7,0.0,2,0,0,144660.42,0
1423,1424,15589221,Kennedy,657,Germany,Male,30,1,139762.13,2,1,1,23317.88,0
3163,3164,15801336,Ch'ang,649,Germany,Female,37,8,114737.26,1,1,1,106655.88,1
4724,4725,15578648,Marino,543,Germany,Male,49,6,59532.18,1,1,0,104253.56,0
1227,1228,15613844,Murphy,557,France,Female,28,7,146445.24,2,1,0,184317.74,0
3345,3346,15648320,Heller,658,France,Female,31,7,123974.96,1,1,0,102153.75,0
4264,4265,15761294,Manna,667,Germany,Female,56,8,137464.04,1,1,0,130846.79,1
5435,5436,15808283,Kelly,647,France,Female,33,4,0.0,1,1,0,152323.04,0
3222,3223,15575247,Cartwright,524,France,Male,30,1,0.0,2,1,0,126812.85,0
1152,1153,15589754,Malloy,652,Germany,Male,45,2,151421.44,1,0,1,115333.43,0
6665,6666,15599024,Hope,506,Spain,Male,32,8,0.0,2,0,1,182692.8,0
6592,6593,15645904,Parsons,685,France,Female,33,6,0.0,2,0,1,186785.01,0
4192,4193,15610147,Ross,632,France,Male,60,2,0.0,2,0,1,2085.32,0
6190,6191,15613923,Reed,581,Spain,Female,43,4,170172.9,1,0,1,100236.02,0
8761,8762,15738088,Parkin,634,Spain,Male,63,10,0.0,2,1,0,30772.86,1
4673,4674,15764661,Wang,644,France,Male,33,2,0.0,1,1,0,96420.58,0
1412,1413,15588986,Grant,673,Germany,Female,29,4,99097.36,1,1,1,9796.69,0
2829,2830,15759913,Trentini,553,Germany,Male,43,6,85200.82,2,1,1,160574.09,0
3321,3322,15681327,Akhtar,682,France,Male,30,9,0.0,2,1,1,2053.42,0
461,462,15718443,Chibuzo,539,France,Male,39,3,0.0,2,1,0,36692.17,0
3936,3937,15761102,T'ao,707,Spain,Female,32,4,132835.56,1,0,0,136877.24,0
6905,6906,15754012,Shepherdson,687,France,Female,35,1,110752.15,2,1,1,47921.22,0
5586,5587,15699446,Hobbs,816,Germany,Female,25,2,150355.35,2,1,1,35770.84,0
5239,5240,15750811,Woodward,766,Germany,Male,44,3,116822.7,1,0,0,197643.24,0
5424,5425,15566253,Manning,580,Germany,Male,44,9,143391.07,1,0,0,146891.07,1
7148,7149,15598802,Martin,770,Spain,Male,30,8,0.0,2,0,1,50839.85,0
3409,3410,15593736,Cook,598,Germany,Female,46,7,131769.04,1,0,0,184980.23,1
4225,4226,15671804,Wilding,648,Spain,Male,36,8,146943.38,2,1,1,130041.45,0
3911,3912,15710527,Matthews,782,France,Female,35,4,0.0,1,1,1,119565.34,0
1757,1758,15704763,Kozlova,523,Germany,Female,39,1,143903.11,1,1,1,118711.75,1
9847,9848,15815097,Root,603,France,Female,34,9,0.0,2,1,0,167916.35,0
688,689,15802741,Mitchel,625,France,Female,51,7,136294.97,1,1,0,38867.46,1
1477,1478,15732175,Bruno,776,France,Male,37,2,0.0,1,0,1,8065.0,0
3287,3288,15668521,Jamieson,693,France,Male,37,1,0.0,2,1,1,82867.55,0
5250,5251,15720820,Sabbatini,462,Germany,Female,24,9,69881.09,2,0,1,64421.02,0
3170,3171,15791373,Chikezie,850,Germany,Female,35,2,80931.75,1,0,0,12639.67,1
2418,2419,15603914,Arcuri,614,France,Male,40,6,0.0,1,1,1,20339.79,1
6533,6534,15706269,Willis,489,France,Female,47,8,103894.38,2,1,1,107625.46,0
8272,8273,15705739,Toscani,753,Germany,Male,32,5,159904.79,1,1,0,148811.14,0
3337,3338,15647385,Ch'iu,579,Spain,Male,56,4,99340.83,1,0,0,4523.74,1
7946,7947,15790448,Calabresi,473,France,Female,35,6,69617.36,1,1,0,143345.69,0
111,112,15665790,Rowntree,538,Germany,Male,39,7,108055.1,2,1,0,27231.26,0
7617,7618,15678779,Quezada,502,France,Male,33,7,0.0,2,0,1,4082.52,0
2921,2922,15599081,Watt,507,Germany,Female,46,8,102785.16,1,1,1,70323.68,0
3847,3848,15667889,Akobundu,611,France,Female,37,6,0.0,2,1,0,110782.88,0
4045,4046,15738516,Kozlova,687,Spain,Female,36,5,0.0,1,1,0,17696.22,0
2024,2025,15633043,Fedorova,545,Spain,Female,39,6,0.0,1,0,0,38410.74,1
6317,6318,15654878,Yobanna,450,France,Male,29,7,117199.8,1,1,1,43480.63,0
2837,2838,15703059,Scott,549,Germany,Female,49,6,124829.16,1,0,1,93551.36,0
8223,8224,15603328,Lucchesi,483,France,Male,27,1,77805.66,1,1,1,2101.89,0
4143,4144,15711901,Iheatu,500,France,Male,45,2,109162.82,1,1,1,126145.08,0
1804,1805,15605263,Chin,552,France,Male,33,5,140931.57,1,0,1,10921.5,0
6054,6055,15773013,Uvarov,633,France,Female,47,0,0.0,1,1,1,6342.84,1
2332,2333,15695492,P'eng,439,France,Female,29,6,156569.43,1,1,0,180598.66,0
9638,9639,15662337,Baldwin,744,Germany,Female,50,1,121498.11,2,0,1,106061.47,1
2020,2021,15565779,Kent,627,Germany,Female,30,6,57809.32,1,1,0,188258.49,0
5724,5725,15784286,Wood,641,Spain,Male,40,5,102145.13,1,1,1,100637.07,0
2114,2115,15746594,Wu,732,Spain,Male,33,8,0.0,1,1,0,119882.7,0
1710,1711,15567993,Palmer,828,Spain,Male,28,8,134766.85,1,1,0,79355.87,0
8156,8157,15785576,Mayrhofer,434,Germany,Male,71,9,119496.87,1,1,0,125848.88,0
9959,9960,15677783,Graham,764,Spain,Male,38,4,113607.47,1,1,0,91094.46,0
2538,2539,15752838,Lucas,723,Spain,Male,38,6,0.0,2,1,1,94415.6,0
6418,6419,15801924,Browne,754,Spain,Female,27,8,0.0,2,0,0,121821.16,0
6728,6729,15715208,Watkins,804,Germany,Female,33,10,138335.96,1,1,1,80483.76,0
4043,4044,15698294,Royster,635,Spain,Male,31,1,0.0,2,1,0,135382.23,0
8451,8452,15580043,Murray,575,Spain,Female,22,8,105229.34,1,1,1,34397.08,0
4177,4178,15598275,Sochima,709,France,Female,32,7,0.0,2,1,1,199418.02,0
779,780,15769974,Shih,679,Spain,Female,35,8,119182.73,1,0,0,121210.09,0
7719,7720,15775433,Tang,666,Germany,Male,71,1,53013.29,2,1,1,112222.64,0
4117,4118,15663964,Pagnotto,561,France,Male,37,5,0.0,2,1,0,83093.25,0
978,979,15799515,Wei,652,France,Female,48,8,133297.24,1,1,0,77764.37,0
6708,6709,15653448,Duncan,754,France,Male,34,7,0.0,2,1,1,65219.85,0
9971,9972,15721377,Chou,833,France,Female,34,3,144751.81,1,0,0,166472.81,0
3673,3674,15606915,Genovese,764,France,Male,24,7,98148.61,1,1,0,26843.76,0
6674,6675,15759034,Li Fonti,654,France,Male,36,2,112262.84,1,1,0,12873.39,0
9397,9398,15672467,Coles,766,France,Female,52,7,92510.9,2,0,1,66193.61,0
4195,4196,15747168,Sanders,626,Germany,Female,47,2,103108.8,1,0,1,166475.44,1
5708,5709,15626156,Galloway,655,France,Female,60,3,0.0,2,1,1,86981.45,0
5260,5261,15731281,Ozuluonye,704,Germany,Female,35,3,154206.07,2,1,1,40261.49,0
644,645,15698786,Marcelo,819,France,Female,39,9,133102.92,1,1,0,27046.46,1
1532,1533,15589660,Lamble,661,Germany,Female,32,1,145980.23,1,0,1,56636.28,0
9893,9894,15598331,Morgan,764,France,Female,40,9,100480.53,1,1,0,124095.69,0
6111,6112,15803337,Baresi,648,France,Male,23,9,168372.52,1,1,0,134676.72,0
8416,8417,15751771,Lowe,528,Germany,Male,32,2,99092.45,1,0,1,111149.98,0
1893,1894,15802486,Hayes,488,France,Male,34,3,0.0,2,1,1,125979.36,0
4668,4669,15780770,Kerr,445,France,Male,31,7,145056.59,1,1,1,175893.53,0
6523,6524,15806249,Kerr,671,Spain,Female,31,4,0.0,2,0,1,79270.02,0
6898,6899,15760924,Doherty,575,Spain,Male,41,2,100062.39,1,0,0,126307.25,0
9751,9752,15789339,Yen,681,France,Male,59,4,122781.51,1,0,1,140166.95,0
635,636,15633648,Jideofor,696,Spain,Female,51,5,0.0,2,1,0,55022.43,0
9568,9569,15677522,Rossi,593,France,Male,33,1,0.0,2,0,0,9984.4,0
2334,2335,15616380,Wheeler,803,Spain,Female,37,1,0.0,2,0,0,7455.2,0
8359,8360,15577107,Milne,657,Spain,Female,22,6,0.0,3,0,1,168412.07,1
9791,9792,15742091,Parkhill,825,Germany,Female,35,6,118336.95,1,1,0,26342.33,1
9909,9910,15773338,Endrizzi,739,France,Male,58,2,101579.28,1,1,1,72168.53,0
2601,2602,15616700,Leach,622,Spain,Female,41,9,0.0,2,1,1,155786.39,0
4674,4675,15689492,Benjamin,850,Germany,Male,41,1,176958.46,2,0,1,125806.3,0
5066,5067,15702631,Tang,567,France,Female,26,2,0.0,2,1,1,78651.55,0
4216,4217,15718852,Uren,794,France,Male,56,9,96951.21,1,1,1,71776.76,0
5597,5598,15815552,Ferguson,670,France,Female,42,6,112333.63,1,1,1,65706.86,0
9816,9817,15649508,Chin,643,Spain,Male,48,8,0.0,2,1,0,174729.3,0
5667,5668,15719017,Donaldson,672,France,Female,34,8,0.0,2,1,1,16245.25,0
9425,9426,15683977,Owens,687,Spain,Female,72,4,0.0,2,1,1,50267.69,0
7689,7690,15777452,Sauve,587,France,Female,46,6,88820.29,1,0,0,70224.34,0
4074,4075,15609676,Nkemakonam,718,France,Female,35,2,167924.95,1,1,0,43024.64,0
3452,3453,15722965,Yefimova,757,France,Male,57,3,89079.41,1,1,1,53179.21,1
312,313,15674398,Russo,642,France,Male,38,3,0.0,2,0,0,171463.83,0
3781,3782,15701042,Dalton,596,Germany,Female,27,2,151027.56,1,1,0,170320.58,0
8338,8339,15792453,More,602,Spain,Female,42,1,138912.17,1,1,1,139494.75,0
3563,3564,15687270,Iroawuchi,491,Spain,Female,61,8,0.0,2,0,1,139861.53,0
8913,8914,15717307,Read,496,France,Male,31,5,0.0,2,1,0,93713.13,0
4554,4555,15660385,Stevenson,592,France,Male,39,7,0.0,2,1,0,83084.33,0
968,969,15641009,Wilhelm,544,France,Male,37,3,84496.71,1,0,0,79972.09,0
6168,6169,15644501,Enyinnaya,579,France,Female,26,10,162482.76,1,1,1,18458.2,0
4890,4891,15797113,Bevan,552,Spain,Female,34,4,0.0,2,1,0,140286.69,0
1900,1901,15754999,Ch'eng,570,France,Female,33,8,0.0,1,1,1,124641.42,0
3030,3031,15725660,Dellucci,676,France,Male,20,1,80569.73,1,0,0,68621.98,0
4927,4928,15803456,Yen,641,France,Female,40,9,0.0,1,0,0,151648.66,1
5449,5450,15592028,Roberts,549,France,Female,46,7,0.0,1,1,1,109057.56,0
3779,3780,15694160,Sagese,624,France,Male,37,0,0.0,2,0,0,112104.55,0
4506,4507,15635177,Williamson,597,Spain,Female,66,3,0.0,1,1,1,70532.53,0
6969,6970,15687413,Sunderland,619,Spain,Female,38,6,0.0,2,1,1,117616.29,0
5909,5910,15713043,Siciliani,691,France,Female,33,6,0.0,2,1,1,100408.31,0
1839,1840,15761374,Bellucci,706,France,Male,54,9,117444.51,1,1,1,186238.85,0
1776,1777,15674851,T'ien,622,France,Male,38,5,0.0,2,0,0,105295.77,0
3507,3508,15608166,Fallaci,761,France,Male,36,9,127637.92,1,1,1,81062.93,0
286,287,15573112,Kang,602,Spain,Male,29,5,103907.28,1,1,0,161229.84,0
5817,5818,15656865,Gray,613,Germany,Male,69,9,78778.49,1,0,1,8751.59,0
9212,9213,15605339,Baker,673,France,Female,37,10,0.0,2,1,1,37411.35,0
426,427,15652883,Chung,492,Germany,Male,39,10,124576.65,2,1,0,148584.61,0
850,851,15572265,Wu,646,Germany,Male,46,1,170826.55,2,1,0,45041.32,0
7764,7765,15751177,Milne,685,Germany,Female,44,2,119657.53,1,1,0,145387.05,1
1216,1217,15682528,Cremonesi,572,France,Male,33,5,0.0,1,0,1,41139.05,0
4777,4778,15619801,Batty,548,France,Female,33,1,80107.83,2,0,1,82245.67,0
1838,1839,15758813,Campbell,350,Germany,Male,39,0,109733.2,2,0,0,123602.11,1
8986,8987,15607990,Gallo,760,Spain,Male,43,6,175735.5,1,1,1,157337.29,0
4852,4853,15574137,Ch'in,687,Spain,Male,35,3,0.0,2,1,1,176450.19,0
4238,4239,15710390,Uspensky,655,France,Female,39,6,94631.26,2,1,1,148948.52,0
4448,4449,15708162,Thomson,565,Germany,Female,40,1,89994.71,2,0,1,121084.27,0
1625,1626,15630321,Hu,680,France,Male,44,3,0.0,2,1,0,86935.08,0
397,398,15612187,Morin,547,Germany,Male,32,8,155726.85,1,1,0,67789.99,0
346,347,15658935,Freeman,630,Germany,Female,34,9,106937.05,2,1,0,138275.01,0
2468,2469,15742210,Ugochukwu,700,France,Male,38,9,65962.63,1,1,1,100950.48,0
5317,5318,15791114,Yegorova,700,France,Male,37,1,135179.49,1,1,0,160670.37,0
4926,4927,15762927,Sung,674,Germany,Female,36,6,100762.64,1,1,0,182156.86,0
5043,5044,15718454,Ch'eng,712,Spain,Female,44,2,0.0,2,0,0,45738.94,0
8212,8213,15621004,Chukwuhaenye,603,France,Male,32,7,0.0,1,1,0,198055.94,1
7290,7291,15793825,Ikechukwu,536,France,Male,39,4,0.0,2,1,0,27150.35,0
7965,7966,15645404,Okwukwe,625,France,Female,51,4,124620.01,2,1,0,92243.94,1
7740,7741,15725906,Hankinson,665,Spain,Female,51,8,0.0,1,1,1,38928.48,1
5718,5719,15814519,Kamdibe,648,France,Female,37,7,0.0,2,1,0,194238.92,0
6558,6559,15721937,Romilly,686,France,Male,38,0,138131.34,1,0,1,115927.85,0
9526,9527,15665521,Chiazagomekpele,642,Germany,Male,18,5,111183.53,2,0,1,10063.75,0
314,315,15631868,Robertson,744,Spain,Male,36,2,153804.44,1,1,1,87213.33,0
5942,5943,15695339,Lucchesi,517,Germany,Male,53,0,109172.88,1,1,0,54676.1,1
73,74,15779052,Ballard,604,Germany,Female,25,5,157780.84,2,1,1,58426.81,0
5152,5153,15799631,Chase,585,Spain,Male,36,10,0.0,2,1,1,180318.6,0
3347,3348,15694510,Ifeanyichukwu,725,France,Male,45,1,129855.32,1,0,0,24218.65,0
9665,9666,15745794,Cocci,547,France,Male,30,6,0.0,2,1,1,18471.86,0
3209,3210,15622585,McIntyre,525,France,Male,26,7,153644.39,1,1,1,63197.88,0
9029,9030,15722701,Bruno,594,Germany,Male,18,1,132694.73,1,1,0,167689.56,0
2940,2941,15772798,Chikezie,711,Spain,Female,28,5,0.0,2,1,1,93959.96,0
8245,8246,15569626,Miller,577,Spain,Male,35,5,110080.3,1,1,1,109794.31,0
5746,5747,15751131,Moss,836,Spain,Female,41,7,150302.84,1,1,1,156036.19,0
8036,8037,15807221,Weaver,555,Spain,Male,21,1,0.0,2,0,0,103901.35,0
8025,8026,15571873,Sung,655,France,Male,24,9,107065.31,1,1,1,51959.82,0
3617,3618,15663446,Volkova,792,Germany,Female,29,4,107601.79,1,1,0,18922.18,1
9676,9677,15720924,Chijioke,585,France,Female,34,1,0.0,1,1,1,75503.6,0
3074,3075,15609653,Ifeatu,614,Germany,Female,44,6,118715.86,1,1,0,133591.11,1
6806,6807,15795586,McDonald,478,France,Male,35,1,92474.05,1,1,0,178626.07,0
6789,6790,15809847,Tan,668,France,Male,46,0,0.0,2,0,0,29388.02,0
1564,1565,15742613,Warner,773,Germany,Female,42,8,152324.66,2,1,0,171733.22,0
7130,7131,15801473,Moore,599,Germany,Male,33,2,51949.95,2,1,0,85045.92,0
7421,7422,15646521,Fan,634,Spain,Female,36,1,0.0,1,1,1,143960.72,0
8467,8468,15667456,Ross,709,Spain,Male,62,3,0.0,2,1,1,82195.15,0
7953,7954,15608209,Currey,622,Germany,Male,33,3,96926.12,2,1,0,48553.77,0
2142,2143,15782591,Cook,690,France,Male,35,6,112689.95,1,1,0,176962.31,0
5716,5717,15709478,P'an,611,Germany,Male,37,1,117524.72,2,0,1,161064.29,0
9852,9853,15718765,Maclean,501,Spain,Male,43,6,104533.24,1,0,0,81123.59,1
1943,1944,15737265,Nwokeocha,728,Germany,Male,39,6,152182.83,1,0,0,161203.6,0
7049,7050,15597709,Hornung,602,France,Female,39,6,154121.32,2,1,0,176614.86,1
2594,2595,15787318,Holmwood,537,Germany,Female,47,6,103163.35,1,1,0,16259.64,1
4973,4974,15596962,Owens,617,France,Female,24,4,137295.19,2,1,1,91195.12,0
1987,1988,15758606,Yamamoto,738,France,Male,54,4,0.0,1,0,1,55725.04,1
9282,9283,15799435,Hayes,619,Spain,Male,34,1,0.0,1,1,0,139919.38,0
6215,6216,15597610,Stevens,553,Spain,Male,41,6,144974.55,1,1,1,19344.92,0
5318,5319,15708046,Knowles,744,Spain,Male,31,0,117551.23,1,1,0,158958.9,0
2690,2691,15754261,Ho,648,Spain,Male,42,2,98795.61,2,1,0,89123.99,0
4844,4845,15720814,Warren,670,Germany,Female,36,2,84266.44,2,0,0,38614.69,0
1263,1264,15726557,Lai,638,France,Female,42,7,165679.92,1,0,0,32916.29,0
7706,7707,15742369,Rita,667,Spain,Male,31,5,0.0,2,1,1,20346.69,0
4241,4242,15626040,McDonald,793,Spain,Male,63,0,0.0,2,0,1,27166.75,0
316,317,15662736,Doyle,559,France,Male,49,2,147069.78,1,1,0,120540.83,1
7042,7043,15617348,Uchechukwu,544,France,Male,44,1,0.0,2,0,0,69244.24,0
5385,5386,15681410,Korff,813,Germany,Female,36,6,98088.09,1,0,1,26687.22,1
1437,1438,15742632,Alexeyeva,670,France,Female,31,9,0.0,1,0,1,76254.83,0
7829,7830,15625445,Parkin,572,France,Female,36,8,68348.18,2,0,1,50400.32,0
2042,2043,15635459,Shih,667,Germany,Female,27,3,106116.5,2,1,0,3674.71,0
1106,1107,15618182,Ndubueze,678,France,Female,38,2,0.0,2,0,0,115068.99,0
6035,6036,15764021,Frolov,617,France,Male,34,1,61687.33,2,1,0,105965.25,0
8352,8353,15641413,Crawford,587,Germany,Female,49,7,155393.98,2,1,0,13308.2,1
6400,6401,15585907,Collier,676,Spain,Female,30,5,0.0,2,0,0,179066.58,0
7015,7016,15683168,Frederickson,572,France,Female,30,6,0.0,1,0,1,175025.27,0
5272,5273,15587507,Feng,850,France,Male,47,6,0.0,1,1,0,187391.02,1
8067,8068,15696834,Cone,530,France,Female,29,5,0.0,2,0,0,121451.21,0
4110,4111,15801630,Yen,558,France,Male,40,6,0.0,2,1,0,173844.89,0
8768,8769,15677310,Christie,761,Germany,Male,62,5,98854.34,1,0,0,86920.97,1
9830,9831,15738224,Lin,593,France,Male,32,6,99162.29,1,1,0,128384.11,0
8813,8814,15770375,Fanucci,850,Germany,Female,26,8,123126.29,1,1,0,74425.41,0
5839,5840,15772996,Rooke,594,Germany,Male,40,0,152092.44,2,1,1,83508.93,0
3354,3355,15751333,Atkinson,695,France,Female,36,2,0.0,2,0,1,167749.54,0
2404,2405,15809286,Burke,631,Germany,Male,37,8,138292.64,2,0,0,152422.91,1
8019,8020,15771154,North,683,France,Female,73,8,137732.23,2,1,1,133210.44,0
8339,8340,15658100,Piccio,695,France,Female,42,0,0.0,2,0,1,140724.64,0
4940,4941,15799652,Daigle,763,France,Female,38,0,152582.2,2,0,0,31892.82,0
6071,6072,15665222,Lettiere,625,Spain,Male,52,8,121161.57,1,1,0,48988.28,0
9164,9165,15767488,Berry,680,Spain,Male,36,7,0.0,2,1,0,20109.21,0
5672,5673,15622442,Mazzi,619,France,Male,29,5,0.0,2,1,0,194310.1,0
8638,8639,15587573,Castiglione,626,Germany,Male,27,4,115084.53,2,0,1,26907.43,0
8031,8032,15595874,Gorbunova,666,Spain,Female,36,6,0.0,2,1,0,176692.87,0
6660,6661,15765258,Bochsa,776,France,Female,29,5,0.0,2,1,1,143301.49,0
7039,7040,15631685,Lambert,523,Germany,Male,60,1,163894.35,1,0,1,57061.71,0
4740,4741,15618661,Chidubem,535,France,Male,30,6,103804.97,1,1,1,125710.53,0
3968,3969,15595657,Hannam,649,Germany,Male,40,4,95001.33,1,0,1,123202.99,0
8809,8810,15760568,Dalrymple,593,Germany,Female,38,5,142658.04,2,0,1,135337.11,0
5509,5510,15746805,Thomson,597,France,Male,33,9,0.0,2,1,0,49374.82,0
260,261,15713853,Ifeajuna,732,Germany,Male,42,9,108748.08,2,1,1,65323.11,0
7140,7141,15716082,Chukwubuikem,703,Spain,Male,39,6,152685.4,1,0,0,183656.12,0
5384,5385,15679813,Ellis,727,Spain,Male,28,1,0.0,1,1,0,40357.39,0
1017,1018,15587451,Goold,778,Germany,Male,41,7,139706.31,1,1,0,63337.19,0
3601,3602,15747208,Watt,608,France,Male,50,6,0.0,1,1,0,93568.77,1
5710,5711,15589496,Arrington,778,France,Male,34,5,139064.06,2,0,0,67949.32,0
7496,7497,15608804,Allan,824,Germany,Male,49,8,133231.48,1,1,1,67885.37,0
9860,9861,15716431,Brookes,775,France,Female,30,10,191091.74,2,1,1,96170.38,0
8856,8857,15759733,McMillan,774,France,Female,26,5,0.0,2,1,1,64716.08,0
565,566,15811773,Hsia,543,France,Male,36,4,0.0,2,1,1,141210.5,0
1295,1296,15737748,McWilliam,534,Spain,Female,33,3,151233.62,1,0,0,199336.63,0
1546,1547,15727944,Simpkinson,701,Germany,Female,48,1,92072.68,1,1,1,133992.36,0
590,591,15788291,Okwuadigbo,713,Germany,Female,38,7,144606.22,1,1,1,56594.36,1
4805,4806,15745452,Sun,651,Germany,Male,41,1,90218.11,1,1,0,174337.68,0
246,247,15685500,Glazkov,772,Germany,Male,26,7,152400.51,2,1,0,79414.0,0
141,142,15724944,Tien,663,France,Male,34,7,0.0,2,1,1,180427.24,0
7810,7811,15771059,Welch,756,Germany,Female,34,2,148200.72,1,0,0,194584.48,0
3836,3837,15602797,Okwudilichukwu,645,Spain,Female,49,5,110132.55,3,0,1,187689.91,1
5045,5046,15744691,Tsai,755,France,Female,29,3,0.0,3,1,0,4733.94,0
9850,9851,15626012,Obidimkpa,459,France,Male,26,4,149879.66,1,0,0,50016.17,0
7970,7971,15577398,Ch'eng,850,France,Male,30,6,86449.39,1,1,1,188809.23,0
7239,7240,15772329,Fiorentino,580,Germany,Male,45,8,103741.14,1,1,0,47428.73,1
870,871,15799422,Evans,535,France,Female,40,8,0.0,1,1,1,27689.77,0
2348,2349,15775203,Chia,824,France,Male,45,3,129209.48,1,0,0,60151.77,0
2714,2715,15710928,McChesney,665,France,Female,55,8,136354.16,1,1,1,93769.89,0
8828,8829,15777708,Liao,824,Spain,Female,38,3,0.0,2,1,0,192800.25,0
1975,1976,15591386,Golubova,622,France,Female,35,5,0.0,2,1,0,51112.8,0
1702,1703,15713644,Marshall,686,Spain,Male,22,5,0.0,2,1,0,158974.45,0
3970,3971,15634310,Ko,509,France,Male,30,6,0.0,2,1,0,180598.86,0
3884,3885,15735788,Chiagoziem,709,France,Male,31,6,0.0,2,1,1,71009.84,0
356,357,15611759,Simmons,850,Spain,Female,57,8,126776.3,2,1,1,132298.49,0
8220,8221,15727177,Manfrin,557,France,Male,42,6,177822.03,1,1,0,150944.31,1
7047,7048,15731586,Lai,785,Spain,Female,31,2,121691.54,2,0,0,81778.72,0
304,305,15812191,Brennan,553,France,Male,33,4,118082.89,1,0,0,94440.45,0
6881,6882,15565878,Bates,631,Spain,Male,29,3,0.0,2,1,1,197963.46,0
5628,5629,15665168,Calabrese,681,Germany,Female,44,3,105206.7,2,1,1,163558.36,0
5376,5377,15602500,Maslova,850,Spain,Male,38,1,146343.98,1,0,1,103902.11,0
4786,4787,15749799,Pisani,577,France,Female,34,2,0.0,2,1,1,84033.35,0
597,598,15567446,Coffman,646,Germany,Male,39,9,111574.41,1,1,1,30838.51,0
6598,6599,15677141,Turnbull,586,Spain,Male,29,2,132450.24,1,1,1,36176.63,0
5320,5321,15591550,Bianchi,525,Spain,Male,36,3,77910.23,1,1,0,67238.01,0
5717,5718,15628824,Burton,665,France,Female,37,5,160389.82,1,0,1,183542.08,0
249,250,15772423,Liao,739,Germany,Male,54,8,126418.14,1,1,0,134420.75,1
3024,3025,15610801,Pan,648,Germany,Male,41,5,123049.21,1,0,1,5066.76,0
2870,2871,15651093,Chien,707,France,Female,55,1,0.0,2,0,1,54409.48,0
7403,7404,15779492,Trevisano,796,Spain,Male,56,6,94231.13,1,0,0,121164.6,1
3361,3362,15754952,Su,602,Germany,Female,48,7,76595.08,2,0,0,127095.14,0
9643,9644,15709354,Tudawali,521,France,Female,41,2,0.0,2,1,1,113089.43,0
9620,9621,15620557,Ni,561,Spain,Male,37,4,101470.29,1,0,1,88838.14,0
1962,1963,15692416,Aikenhead,358,Spain,Female,52,8,143542.36,3,1,0,141959.11,1
9819,9820,15813946,Duffy,637,Germany,Male,51,1,104682.83,1,1,0,55266.96,1
2240,2241,15670345,Mazzi,785,Germany,Female,33,6,127211.45,1,0,0,191961.83,0
2597,2598,15668818,Chidubem,592,Spain,Female,40,2,200322.45,1,1,1,113244.73,0
8213,8214,15748352,Endrizzi,598,Spain,Male,34,0,104488.17,1,0,1,43249.67,0
2916,2917,15704583,Chikwado,651,France,Male,56,2,0.0,1,1,0,114522.68,1
7232,7233,15799785,Ikemefuna,679,Germany,Female,30,4,77949.69,1,1,1,121151.46,0
9832,9833,15814690,Chukwujekwu,595,Germany,Female,64,2,105736.32,1,1,1,89935.73,1
413,414,15801559,Chiang,693,Germany,Female,41,9,181461.48,3,1,1,187929.43,1
3973,3974,15669281,Ch'iu,711,Spain,Male,38,3,128718.78,1,0,0,114793.45,0
6807,6808,15677739,Dellucci,562,France,Male,36,6,0.0,2,1,0,32845.32,0
8525,8526,15751084,Mancini,712,France,Female,29,8,140170.61,1,1,1,38170.04,0
3998,3999,15737071,Tang,639,France,Female,60,5,162039.78,1,1,1,84361.72,1
3530,3531,15623712,Coates,453,Spain,Female,42,5,0.0,3,1,0,83008.49,1
9103,9104,15728362,Robertson,671,France,Female,29,3,0.0,2,1,0,158043.11,0
2907,2908,15727311,Yen,539,France,Female,22,0,100885.93,2,1,1,38772.65,0
5345,5346,15639217,McKenzie,806,France,Male,34,6,0.0,2,0,0,100809.99,0
8554,8555,15699095,Chandler,603,France,Female,24,3,0.0,1,1,1,198826.03,1
2380,2381,15654463,Moore,841,France,Male,34,4,0.0,2,1,0,141582.66,0
9222,9223,15620750,Sugden,559,France,Male,28,3,141099.43,1,1,1,15607.27,0
5218,5219,15781505,Giordano,685,France,Male,20,4,104719.94,2,1,0,38691.34,0
130,131,15740404,He,758,France,Female,34,3,0.0,2,1,1,124226.16,0
2695,2696,15639946,Sazonova,597,Germany,Female,39,8,162532.14,3,1,0,36051.46,1
6084,6085,15619494,Abdulov,562,Germany,Female,31,9,117153.0,1,1,1,108675.01,0
625,626,15604119,Alderete,850,Spain,Male,35,7,110349.82,1,0,0,126355.8,0
7785,7786,15750547,Bair,738,France,Male,26,9,0.0,2,1,1,48644.94,0
8668,8669,15687719,She,532,Spain,Female,37,5,0.0,2,0,1,6761.84,0
3679,3680,15593897,Carr,650,Spain,Male,25,7,160599.06,2,1,1,28391.52,0
6042,6043,15685872,Godfrey,727,France,Female,29,1,146652.01,1,1,1,173486.39,0
5373,5374,15709412,H?,776,Spain,Male,30,6,0.0,2,0,1,63908.86,0
8784,8785,15590810,Fallaci,638,Germany,Female,41,9,144326.09,1,1,0,73979.85,1
8551,8552,15638068,Thompson,507,Spain,Male,32,7,0.0,2,1,0,67926.18,0
4188,4189,15786153,McKenzie,644,Germany,Male,47,9,137774.11,2,1,0,151902.78,0
4410,4411,15691871,Millar,503,Germany,Male,42,9,153279.39,1,1,1,151336.96,0
82,83,15641732,Mills,543,France,Female,36,3,0.0,2,0,0,26019.59,0
3972,3973,15668695,Endrizzi,536,France,Female,22,5,89492.62,1,0,0,42934.43,0
6386,6387,15584090,Jen,621,Spain,Female,40,7,0.0,2,0,1,131283.6,1
1675,1676,15658459,Bates,784,Spain,Male,33,10,0.0,2,1,0,162022.47,0
3352,3353,15767414,Calabresi,591,France,Male,40,2,99886.42,2,1,1,88695.19,0
6658,6659,15777873,Downer,628,France,Female,31,5,0.0,1,0,0,147963.07,1
739,740,15705639,Onyemauchechukwu,692,France,Female,28,8,95059.02,2,1,0,44420.18,0
900,901,15642041,Burns,727,Germany,Male,40,1,93051.64,2,1,0,71865.31,1
8720,8721,15645059,Crace,711,France,Female,28,8,0.0,2,0,0,105159.89,0
7933,7934,15616088,Lucas,782,France,Female,70,7,97072.42,1,0,1,131177.22,0
1968,1969,15693468,Simmons,488,Spain,Female,39,9,140553.46,1,0,0,12440.44,0
8328,8329,15687171,Birch,638,Spain,Male,34,5,146679.77,1,1,0,102179.86,0
7845,7846,15622774,Kao,648,France,Male,34,0,0.0,1,1,1,167931.81,0
776,777,15712551,Shen,622,Germany,Female,58,7,116922.25,1,1,0,120415.61,1
8862,8863,15769246,Lo Duca,813,Germany,Male,59,2,135078.41,1,1,0,187636.06,1
8570,8571,15711457,Herz,755,France,Female,28,7,124540.28,1,0,1,188850.89,0
9281,9282,15679966,Marsh,661,France,Female,31,3,133964.3,1,1,1,166187.1,0
7268,7269,15587266,Douglas,606,Germany,Female,27,6,172310.33,1,0,1,111448.92,0
323,324,15585215,Yuan,763,France,Female,31,4,0.0,2,0,0,50404.72,0
8460,8461,15658982,Napolitani,650,Germany,Female,28,5,122034.4,3,0,1,146663.43,1
2424,2425,15782941,Chijindum,573,France,Male,31,2,0.0,2,1,1,91957.39,0
463,464,15773792,Evans,662,France,Female,32,4,133950.37,1,1,1,48725.68,1
9473,9474,15690733,Angelo,608,Spain,Male,45,4,0.0,2,0,0,36697.48,1
7375,7376,15638871,Ch'ang,639,France,Male,77,6,80926.02,2,1,1,55829.25,0
6707,6708,15735909,McDonald,607,Germany,Female,39,8,105103.33,1,1,0,104721.5,1
28,29,15728693,McWilliams,574,Germany,Female,43,3,141349.43,1,1,1,100187.43,0
2593,2594,15755223,Tseng,692,Germany,Male,53,7,150926.99,2,0,0,119817.19,0
7887,7888,15745433,Conti,716,Germany,Female,30,2,205770.78,2,0,0,65464.66,0
6090,6091,15738785,Kang,545,France,Male,26,7,0.0,2,0,1,156598.23,0
982,983,15792360,Clark,668,France,Male,32,7,0.0,2,1,1,777.37,0
8516,8517,15783875,Li Fonti,500,France,Female,34,4,0.0,2,1,0,12833.96,0
4319,4320,15759456,Lupton,609,Spain,Male,34,7,140694.78,2,1,0,46266.63,0
3404,3405,15576928,Walsh,573,France,Female,23,2,0.0,1,1,0,122964.18,0
408,409,15701376,K'ung,668,Germany,Male,37,10,152958.29,2,1,1,159585.61,0
6103,6104,15571144,Ives,655,France,Male,28,10,0.0,2,0,1,126565.21,0
5235,5236,15608528,Munro,645,France,Female,68,9,0.0,4,1,1,176353.87,1
2920,2921,15714658,Yates,696,France,Female,33,4,0.0,2,1,1,73371.65,0
2973,2974,15651983,Fang,591,France,Female,56,9,128882.49,1,1,1,196241.94,1
2223,2224,15615575,Vial,722,France,Male,34,8,0.0,2,1,1,133447.49,0
9771,9772,15771323,Panicucci,480,Spain,Male,39,5,121626.9,1,1,1,82438.13,0
2561,2562,15729763,Nelson,655,Spain,Male,34,1,116114.93,1,1,1,49492.15,0
31,32,15706552,Odinakachukwu,533,France,Male,36,7,85311.7,1,0,1,156731.91,0
4113,4114,15667085,Meng,667,France,Male,33,4,0.0,2,1,1,131834.75,0
2697,2698,15699450,Li,723,France,Male,48,7,0.0,2,1,1,150694.58,0
3172,3173,15692819,Toscani,665,Germany,Male,32,1,132178.67,1,0,0,11865.76,0
4227,4228,15789941,Yevseyev,633,France,Female,36,6,125130.28,1,0,0,125961.48,0
4180,4181,15569438,Mai,607,Germany,Male,36,10,106702.94,2,0,0,198313.69,0
1662,1663,15800229,Thorpe,695,Germany,Male,40,7,139022.24,1,0,1,193383.13,0
2002,2003,15657214,Hsia,601,France,Male,74,2,0.0,2,0,1,51554.58,0
